iban,klant_id,saldo,title,type
IS91 2214 8096 0870 0013 0081 05,4303,966699,"Dare, Pfeffer and Lind",zakelijk
MT09 NQKP 4008 0285 WYEG JL4I TU0W 7YH,4335,155078,"Altenwerth, Cruickshank and Tromp",zakelijk
LB14 0679 TDAS 6VYS TYKI F3HM XYDT,4147,258011,Bernier-McClure,zakelijk
TN21 7894 1801 9627 9981 3680,4375,824329,"Hodkiewicz, Herzog and Mertz",zakelijk
AT97 0658 6082 4633 7907,4083,286310,"Kozey, Beahan and Goyette",zakelijk
KW34 ICZA 5IYK UM8D SSOX 3UBM QHEU QI,4021,825937,Quitzon-Lebsack,zakelijk
KW39 RUYU OMTG CWLW LPPN PWPO 443R XE,4016,274783,Reinger and Sons,zakelijk
EE68 8185 2042 1926 4020,4023,467291,Langosh-Langworth,zakelijk
FR41 2951 6565 69NM OWAO LYXP F35,4327,791317,Hagenes LLC,zakelijk
LI26 8387 0OTS CSYU VZOP Y,4276,741930,Walsh-Johns,zakelijk
FR76 4851 4175 62NB K13D C7CB A85,4267,130424,"Marquardt, Nolan and Beahan",zakelijk
SE70 0803 0434 3142 9196 8701,4019,565309,Pouros-Gulgowski,zakelijk
GT92 C2MG ZJJQ DDO7 TQQC PDWZ Q5YV,4197,477182,Roberts-Lakin,zakelijk
BA40 5305 4836 8830 7731,4237,587477,Kuvalis-Pollich,zakelijk
FR98 2081 5658 91KA E7AR 4C52 H62,4369,259673,"Bernier, Gorczany and Leuschke",zakelijk
FR04 6538 4141 18JO 2FRX GINH 512,4009,611710,Schmitt Group,zakelijk
FI88 6440 2622 3709 04,4223,885957,Hermann LLC,zakelijk
NL51 QIWK 3424 6048 43,4027,939990,Fadel Group,zakelijk
VG21 TARJ 8227 5780 4451 3724,4320,397286,Brekke Inc,zakelijk
LI40 9151 2XAC G7WK 655Z N,4394,247779,"Littel, Adams and Streich",zakelijk
RO38 XCOS OYTL NR1D 0JOL WY41,4151,802829,Ruecker-Nicolas,zakelijk
AL60 7518 5188 XKOC RGKV UNAC LCYN,4310,531190,"Heller, Rosenbaum and Predovic",zakelijk
GE21 CL91 8219 0558 6709 91,4299,861930,Cruickshank-Bogisich,zakelijk
MC48 1463 5089 87HX YEGU KLPF G14,4153,920646,Nader Group,zakelijk
DO71 PS4D 6164 5242 9020 6252 6933,4326,856459,Carroll Inc,zakelijk
IS58 8303 7182 5859 9517 9117 62,4036,172300,Ryan Inc,zakelijk
IE24 SKXI 0258 2797 0492 42,4379,691126,Raynor Group,zakelijk
TN80 0239 0136 7057 8066 9786,4038,605473,"Bechtelar, Crona and Ryan",zakelijk
DO68 9YI1 5067 7083 8332 4451 7440,4476,434113,Beatty-Prosacco,zakelijk
IL71 6471 2250 1403 2074 637,4321,769150,"Grant, Batz and Berge",zakelijk
CR74 0764 3218 5471 6849 1,4093,116354,"Corwin, Mraz and Farrell",zakelijk
FI38 3104 5666 9632 03,4147,281984,Lindgren-Cummerata,zakelijk
IL32 3806 7795 1754 1298 903,4415,313567,"Morissette, Simonis and Bechtelar",zakelijk
BH61 CQDX TEVT AOQQ JGPZ KJ,4106,625239,Altenwerth-Reilly,zakelijk
LU20 233O VWKT LDVJ LBXD,4493,262640,Gutmann Inc,zakelijk
ME77 5378 4568 9834 4854 87,4118,807601,McGlynn-Beer,zakelijk
LT31 3811 3483 6633 3867,4353,223276,"White, Sanford and Feil",zakelijk
LU87 598A AJKI EDDV XCBO,4352,182633,Hilpert and Sons,zakelijk
SK98 2627 4384 5170 6195 5062,4375,688091,Schmeler-Kiehn,zakelijk
FR41 1313 1809 516H DE6Y PR82 I51,4034,743414,Rohan-Rohan,zakelijk
MR71 6061 0593 6617 6304 6557 937,4017,378157,"Hermann, Swift and Predovic",zakelijk
BE88 8301 3217 7318,4212,572317,Wuckert-Bins,zakelijk
DE93 9129 6545 4984 8340 91,4043,593620,"Haley, Rempel and Stiedemann",zakelijk
FR81 0186 4982 91J8 7FMW UBFS V90,4254,146098,"Kilback, Kozey and Cremin",zakelijk
LB53 5770 EUHI HP2O B6VX OWH3 JSHX,4147,73462,Koelpin-Kunze,zakelijk
GE88 PN49 2756 9253 9358 70,4116,373690,"Schinner, Volkman and Ullrich",zakelijk
PS07 XCWH XG2Z MPZB FTMF PBA4 UMWE I,4202,264582,Corkery-Anderson,zakelijk
GL17 6972 6303 6222 78,4172,425054,"Steuber, Schneider and Mann",zakelijk
CZ75 7393 6199 6156 7047 4902,4163,133125,"Block, Runolfsson and Schumm",zakelijk
LB09 6332 JI4P HFWA SS1Q E6HZ HTMT,4482,153047,Jakubowski Inc,zakelijk
GI45 UZAD NM3M TTQT I0U3 RYF,4367,949194,"Ritchie, Steuber and McCullough",zakelijk
LV76 AHGV TQN7 UV1G VSIS J,4168,717982,McCullough and Sons,zakelijk
NL70 IQLL 0796 2493 27,4381,673992,"Franecki, Bogan and Jones",zakelijk
GL30 1127 0887 7883 19,4380,361593,Bode LLC,zakelijk
AE71 3715 2141 1045 6182 677,4066,539102,Marquardt Group,zakelijk
NO13 1249 8651 663,4472,172476,"Ullrich, Rohan and Collier",zakelijk
GR14 5573 869X S1KH BYTB 1LPF H4J,4354,342454,"Welch, Wintheiser and Gerhold",zakelijk
FR04 1579 6963 35T5 CTAS FOXJ X60,4043,170519,"Prohaska, Mohr and Stoltenberg",zakelijk
MC49 9872 4496 27LI SQX1 INUB S72,4403,204388,Veum-Dach,zakelijk
FI15 8071 0544 2596 50,4483,703000,"Weber, Fadel and Brakus",zakelijk
IS56 3824 0274 2757 2316 4316 93,4084,626994,"Wiegand, Haag and Donnelly",zakelijk
VG47 NEUS 8767 0730 8888 8398,4128,315973,King and Sons,zakelijk
FR93 1965 0019 226L UUWZ FDCE U94,4410,669516,"Tillman, Jaskolski and Altenwerth",zakelijk
FR48 2375 3110 56QT ODZE RUIT G69,4079,157325,Kertzmann Group,zakelijk
FR47 5531 0405 86LN EMHN 54KI C19,4250,129509,Anderson-Armstrong,zakelijk
TR56 7084 3EV3 TOUI LRPJ PO4A KG,4385,744182,"Bartoletti, Moore and Ullrich",zakelijk
SE07 5023 7490 2207 2531 6706,4006,403415,Borer Inc,zakelijk
PT12 4585 0571 3908 5159 0446 8,4346,663393,"Wyman, Schulist and Mertz",zakelijk
BG45 SLTX 5095 53UY JDTN IQ,4311,932891,Osinski-Christiansen,zakelijk
BG61 HPDS 1144 49TG NGRO ZG,4051,236697,"Hirthe, Morissette and Kub",zakelijk
FR18 0441 0226 04D0 SWNW PIRG C79,4276,917267,"Haag, Pagac and Kutch",zakelijk
DE21 3942 7284 8053 6505 60,4095,456748,Runolfsson and Sons,zakelijk
BH55 KWTZ LNGG 37LL DYZW RJ,4333,13865,Cummings and Sons,zakelijk
CR69 8310 1860 7040 0362 2,4316,371647,Walker-Prohaska,zakelijk
MC08 8705 6797 33RH 0TYW 0BHB I54,4228,101761,Lueilwitz Inc,zakelijk
GI89 ASPX 7VYY GB20 ZI2G 9QT,4488,893570,Rosenbaum-McLaughlin,zakelijk
CH83 0036 8MBX EQNG PQ3W B,4391,910126,Kreiger-Bruen,zakelijk
LV71 BETZ MVD0 XGGU ZOH6 A,4480,957971,"Bechtelar, Nienow and Stokes",zakelijk
BE32 4633 6481 3973,4140,855889,Zulauf and Sons,zakelijk
NL72 CMZY 8073 4588 77,4320,919799,"Harber, Schmeler and Jones",zakelijk
TR28 7836 8HXQ NBUN TWJJ Q0XV T9,4399,240088,Greenholt Group,zakelijk
BA73 1040 6132 8151 9681,4092,414052,Schoen and Sons,zakelijk
MK85 734K TEE6 BFB7 305,4310,536339,Wiza-Hermann,zakelijk
BG74 TPXG 2276 25IN KURY NO,4338,252494,Leffler-Dach,zakelijk
VG53 DGOY 1866 5701 9443 4354,4126,165683,Kuhn and Sons,zakelijk
ES83 6987 7289 4383 5761 7481,4259,339338,Schaefer-Tillman,zakelijk
LT37 1999 3999 5871 5489,4290,512676,Orn and Sons,zakelijk
IL24 7174 8199 5418 1753 971,4231,901721,Trantow Inc,zakelijk
LU69 830I AA3R LYFI NSE1,4174,853487,Corkery LLC,zakelijk
TN46 7081 9108 0095 5405 1430,4319,582928,Weimann-Reynolds,zakelijk
GI80 HNQR ZHQP LK4E ZHX3 RAK,4218,347904,Emard Inc,zakelijk
IL07 2007 8620 3642 3185 305,4411,114623,Marquardt Group,zakelijk
BR33 3332 5770 4679 2045 1155 933Y E,4431,8308,"Keeling, Bailey and Gislason",zakelijk
SK44 0325 3510 8655 5079 0339,4301,66670,Mraz-Cruickshank,zakelijk
FR20 8262 6534 92OL A6KJ CHSW U92,4422,804697,Becker-Orn,zakelijk
NL75 PTTH 7853 2706 22,4216,973449,Braun and Sons,zakelijk
FR11 1993 6652 84AD OE3E GYSK O27,4496,273192,"Crona, Balistreri and Zulauf",zakelijk
MU84 KMLJ 0264 6289 4185 3016 503D OD,4054,567015,Ziemann Inc,zakelijk
HR38 8868 2078 5409 6851 5,4471,569529,Huel-Becker,zakelijk
FR75 4559 3075 08WH IFQL HWLA H47,4215,988441,Roob-Macejkovic,zakelijk
IL64 2155 3385 6598 4153 129,4290,634016,Flatley LLC,zakelijk
MK78 475S 2KP6 D0LD U66,4321,163373,Schumm-Kessler,zakelijk
FR61 1652 4480 27W5 LYQ0 7QBM T74,4483,698493,"Abernathy, Mosciski and Lubowitz",zakelijk
HR92 7294 2056 3729 6229 3,4029,45468,Bradtke Group,zakelijk
FI46 0278 3966 6927 94,4212,635313,"Lubowitz, Emard and Murazik",zakelijk
BE29 5152 6141 4333,4379,734303,"Haag, Herman and Ruecker",zakelijk
FR23 4172 8988 81CD CMG9 ATH8 M71,4308,617447,Prosacco and Sons,zakelijk
GB24 EMNZ 4013 2904 2909 83,4047,461778,Walter-Waelchi,zakelijk
BH05 ABQO 9ZEC VLZB 59SI CF,4160,307898,Koelpin-Barrows,zakelijk
CY88 8934 9080 9WGD ZDNF 1DC1 OK0L,4377,751259,Lueilwitz-Conroy,zakelijk
MK68 5503 KCWM WEAK Z81,4097,855851,Murray-Dicki,zakelijk
MK89 436T FUIW US5S X76,4483,812365,Wilderman LLC,zakelijk
TN68 5362 6641 3524 8054 3771,4199,354112,McClure LLC,zakelijk
GL82 1317 6190 2024 66,4085,479952,Miller-Pagac,zakelijk
GR94 9447 532S US93 AHZG GEHS EO1,4059,200120,Gibson-Rempel,zakelijk
IT33 A154 7084 519K 7HZP DBWE NNT,4475,180588,"Baumbach, Legros and Bode",zakelijk
TR81 7839 7PE8 AXXS UXLY CPGB XV,4034,450182,"Rice, Fay and Stark",zakelijk
IL42 2146 6337 0148 6732 815,4216,853996,Johnston-Kertzmann,zakelijk
FI37 1272 7828 4595 63,4411,412586,"Jakubowski, Rowe and Rogahn",zakelijk
AL20 6341 2078 VT0A AVUE 6MWT OFAF,4356,385473,"Swift, Senger and Rath",zakelijk
SI43 5108 8150 2548 244,4416,837876,Grant and Sons,zakelijk
IE69 PCBE 2607 6560 3094 40,4041,806614,Green Group,zakelijk
GT80 LLQG 7EZD XUZY EEPA XUQF EN2M,4050,854427,Schaden-Hayes,zakelijk
PK60 OBDG 7UAZ 3NNW EBDG DZSO,4101,778970,"Koelpin, Greenholt and Kulas",zakelijk
IE36 WHIS 1317 0683 3065 94,4110,901935,Becker Group,zakelijk
PL06 9850 5870 8942 5011 6852 2455,4336,702497,Bosco-Jenkins,zakelijk
LI51 0316 6GFD CB9O CVJ7 H,4052,787328,VonRueden and Sons,zakelijk
NO26 6586 9685 491,4266,804220,Oberbrunner-Wyman,zakelijk
GR13 4332 4414 WH2S ELTC ZBLY BJH,4149,598225,Moore LLC,zakelijk
DK44 5899 9579 0100 83,4232,547829,Collier-Rosenbaum,zakelijk
BE07 1185 1087 1196,4271,840489,Hackett and Sons,zakelijk
LB53 0012 E5RM TC2E XDLZ LVNH SQQJ,4468,693443,Pacocha Group,zakelijk
FR02 7974 6621 392I PRLZ 4FPH O75,4457,945535,Heller-Torphy,zakelijk
MU05 GPQG 8630 3320 9863 3185 396O RI,4226,660121,"Morissette, Gleason and Green",zakelijk
CZ38 9190 6784 9271 9805 9426,4445,170392,"Hermann, White and Boyle",zakelijk
FR80 8139 4487 06WB VQN4 PHAQ X16,4498,265488,"Steuber, Braun and McGlynn",zakelijk
SM29 H026 6918 506U GW4F BEJ6 SUR,4155,887239,"Nolan, Witting and Erdman",zakelijk
ME56 2389 7077 7492 7401 63,4031,739376,"Parker, Johns and Bailey",zakelijk
MU13 ODCO 9325 9556 5008 3496 274W MS,4435,245075,Fay-Kassulke,zakelijk
SE18 0051 7192 1399 2752 0863,4148,193479,Stehr-Gaylord,zakelijk
AD04 9237 4409 VJAS LFSI ZTR9,4230,376370,Christiansen-Tremblay,zakelijk
GE03 WQ96 4507 7219 3415 89,4045,142964,"Kihn, Corwin and Kunze",zakelijk
PT26 0499 7826 4651 2822 8654 1,4119,487717,Durgan-Cruickshank,zakelijk
GB40 GFNQ 0669 8275 2521 91,4208,257091,Ebert-Cormier,zakelijk
CH15 6578 2G0J NYS6 RICW M,4377,805423,Kub-Cartwright,zakelijk
RO12 KWWF 23RR DZMO XPFV 3D2U,4085,178202,Orn Group,zakelijk
EE09 0170 0840 2013 3734,4370,426784,Tromp-Ortiz,zakelijk
FR29 0775 9263 64BI IO0A OYZP I79,4098,922052,"Lang, Kerluke and Cummerata",zakelijk
FR57 8116 9202 17M4 ZXMD 5E2L E84,4458,165799,Becker-Marks,zakelijk
TR61 9446 8L3C 36PN T0R3 4GFC GE,4244,813961,Beier-Klocko,zakelijk
CH42 5999 3NP7 WG2B DPDK N,4297,821915,Casper-Douglas,zakelijk
SM68 H762 7306 353H LSUP 6BWH T1H,4312,876247,Moen-Welch,zakelijk
GL92 9309 5522 3967 46,4367,220789,Boyer Group,zakelijk
RO38 FLZI WIZ0 OTE7 53P1 DBM2,4022,83127,Gaylord and Sons,zakelijk
IT42 U872 5642 088C VFE2 PZWC E7I,4290,962614,"Weber, McLaughlin and MacGyver",zakelijk
SI35 9755 9398 7121 710,4087,642289,Greenholt LLC,zakelijk
DK77 3431 3776 8565 89,4128,887673,Mayert and Sons,zakelijk
PS72 IDDL PAAW B0VA 8QDL HFCD IZBJ 6,4228,929302,Schinner LLC,zakelijk
BG92 XDDQ 2741 02YM VMII V0,4072,601814,Hirthe-Hauck,zakelijk
PK09 NRLP 7ISL M75U BGBH FCIR,4245,427752,"Padberg, Turner and Gleichner",zakelijk
FO06 5613 9284 9935 73,4169,843823,"Koepp, Quigley and Stoltenberg",zakelijk
GR81 2989 130Q 4WKM RMUP XDHC 8GY,4029,737730,Morissette-Roob,zakelijk
DK15 8839 8457 2640 81,4308,898305,"Yost, McLaughlin and Heidenreich",zakelijk
BA84 9336 2211 7870 0755,4497,72318,Schneider-Yost,zakelijk
PS11 DKKV L2AN XAQ4 XZLN RTMC XVGR X,4459,767126,McClure-Welch,zakelijk
LB75 7999 RJYQ MB7E G93N GFBJ YOQN,4178,860038,"Kassulke, Brakus and Greenfelder",zakelijk
NO92 2342 6814 674,4169,293686,"Lindgren, Braun and Legros",zakelijk
MR32 6324 5756 7250 0285 7697 224,4022,952473,"Marquardt, Beer and Ledner",zakelijk
SK26 0205 4246 7369 2566 4675,4299,249377,Hahn-Hagenes,zakelijk
AT28 6401 0500 5580 3822,4457,581014,"Nicolas, Fisher and Goyette",zakelijk
AT14 0487 2076 9154 7256,4480,181392,"Effertz, Kuhn and Turner",zakelijk
HR41 1654 3478 0336 9259 0,4182,292608,"Herman, Barrows and Labadie",zakelijk
MT55 HUCY 8786 5ESJ 2CVU IZ7I MZDD USI,4126,458603,Jaskolski and Sons,zakelijk
FR10 8724 6571 618W TX2A RTVX N60,4356,674497,Botsford LLC,zakelijk
KZ41 353C WXSR D1VY P7R9,4486,738738,Gleason-Wilkinson,zakelijk
HU29 8672 6568 5544 1340 8277 6071,4165,572635,Padberg Group,zakelijk
PK15 MEAM URJM VO8U V3MJ TDVU,4029,646265,Schumm LLC,zakelijk
LV53 IGJN OUBC ZJI6 QUVL Y,4466,137647,Streich Inc,zakelijk
GT98 D0NE C4HW 8DLI JJMT DG1U IIKF,4137,979511,Towne Group,zakelijk
PL60 2612 7933 7015 7820 7871 6976,4191,538815,"Wolf, Bauch and Weimann",zakelijk
AL52 3729 4846 649I CZYR BE50 ZOV9,4430,563559,Ullrich LLC,zakelijk
FR88 3128 8484 7086 XUQO QCNB I04,4468,972527,"Crooks, Buckridge and Hauck",zakelijk
MT46 WPIJ 1388 4RVK HQZS NWVO ZTZQ HN9,4454,271635,"Jakubowski, Schneider and Kautzer",zakelijk
DE91 9374 8127 8162 9652 11,4044,408539,Schinner-O'Reilly,zakelijk
PK40 KWEV OGL7 HRWP 8RDJ SFSZ,4170,317766,Becker-Hirthe,zakelijk
ME35 6906 7269 4514 2309 89,4299,821299,Kessler-Haley,zakelijk
SI37 7321 4488 1111 115,4101,242637,"Kuphal, Dickens and Bogan",zakelijk
FR15 6893 4642 19NU 1QTK ATQ9 T59,4372,889642,"Bradtke, Champlin and Wehner",zakelijk
FR58 9643 7752 63HG Y7VG GJ9Z J03,4015,270942,Dooley Inc,zakelijk
HR18 7216 2505 2614 4511 9,4401,623681,"Emard, Beier and Parker",zakelijk
HU24 7727 4063 6559 3552 6775 2509,4431,987963,"Haley, Witting and Kozey",zakelijk
CY54 2115 3476 S0GE OJX9 HWW9 AV6U,4176,381526,"Wyman, Feil and Carroll",zakelijk
GI98 AGGB 5HRZ WUD5 UBMI LPA,4072,219038,Ferry Group,zakelijk
FI74 8096 6154 7385 27,4048,426953,"Thiel, Murazik and McCullough",zakelijk
MK46 573M 8H4I X4KL G84,4255,112229,Little-Ziemann,zakelijk
NO10 0866 0709 171,4074,717577,Kohler Group,zakelijk
GT60 OF6A E7UU 2BHF FTKQ A6PG QCVA,4124,438296,Sauer and Sons,zakelijk
CR81 6482 2906 8553 9761 5,4067,812543,Jaskolski and Sons,zakelijk
AT49 0291 1190 8404 3083,4464,282987,Schoen-Feeney,zakelijk
TR38 7565 3U42 P2EW ESG2 QT8P XV,4062,906546,"Sipes, Ortiz and Koelpin",zakelijk
NO33 2970 9214 930,4352,602392,Koepp Inc,zakelijk
NL16 XPLD 9894 0199 79,4006,818608,"Mohr, Sporer and Steuber",zakelijk
HR83 4785 6092 9237 8212 6,4301,690597,"Ebert, Jacobi and Hickle",zakelijk
IS47 6551 0147 2858 8064 3294 54,4203,859923,"Olson, Pollich and Douglas",zakelijk
GT24 WW7P LZVL QRNJ PXNJ UDLO 4WS5,4378,914030,Treutel-Wunsch,zakelijk
FR03 8235 1190 443G KCCX X0V0 590,4102,658326,"White, Adams and Stoltenberg",zakelijk
FR31 9448 8422 07OX LW4Y WJOV P28,4368,116092,Kassulke and Sons,zakelijk
GI36 EURV 2GOV KKRI BMT7 OPO,4194,431166,Schuster-Murazik,zakelijk
MT81 JGWH 2537 72VJ WSQI BL7F SGUN 7ZY,4395,564502,Miller-White,zakelijk
FR63 1781 7647 44GL F6OD BPJL 025,4017,187139,"Grimes, Rosenbaum and Skiles",zakelijk
HU61 4591 8522 9210 4191 4998 9582,4340,331597,"Hoppe, Ullrich and Jacobi",zakelijk
LU20 823H YMLQ ABJ9 QD69,4414,324816,Stroman Group,zakelijk
LU47 874I HORM H54E IZXH,4423,404809,Lakin LLC,zakelijk
VG24 IZLA 2506 5165 0370 9049,4352,492930,Rempel and Sons,zakelijk
BH29 ORQL EMC8 N4WZ V5MJ T8,4434,889228,"Muller, Welch and Kreiger",zakelijk
MU13 OBVH 1619 5977 5664 9324 076R DG,4359,57324,Langworth LLC,zakelijk
GB29 RGWL 6696 0147 0273 15,4442,901516,"Glover, Ritchie and Dibbert",zakelijk
HU34 4669 5271 1507 1542 1369 4019,4434,130721,"Mayert, Mann and Orn",zakelijk
MK34 410A ZIL3 AAHP C00,4053,638961,Kessler-Dach,zakelijk
KZ80 365S ZIMA QZFF KQI2,4404,895796,"Berge, Friesen and Kemmer",zakelijk
MR61 2749 1458 5380 3173 8810 368,4100,148151,Kerluke-Bogisich,zakelijk
SA39 31GI CL9S PCTT HQIN 5IIY,4023,846256,Cormier-Hyatt,zakelijk
FO12 6598 7413 1158 30,4169,698516,"Turner, Wolf and Huels",zakelijk
GI81 GSOS ECVX QVCY DHN5 H8A,4204,427195,Hintz and Sons,zakelijk
RS46 4475 7101 8160 8881 73,4331,949801,Keebler-Dibbert,zakelijk
MU41 ULHP 5566 4818 4685 2437 872I VV,4453,810098,Rogahn Group,zakelijk
IS96 3983 6587 6651 1019 3707 06,4203,429861,"Volkman, Ledner and Koch",zakelijk
TR70 9976 5N4S ET8M 88KP ESZQ WQ,4026,420875,Gulgowski-Rosenbaum,zakelijk
HR20 2598 4283 3944 1529 3,4363,488944,Beier LLC,zakelijk
MK48 772J FCXZ U04Q S68,4128,152612,Wiza LLC,zakelijk
DK34 6391 0791 7971 86,4042,62604,Kling LLC,zakelijk
RS95 5903 9169 7137 1883 91,4288,320029,Gusikowski LLC,zakelijk
LU48 042B CMCC O2IP WWZU,4012,328846,"Koelpin, Hills and Fisher",zakelijk
LI80 8133 1BYH LCKH ZOSS 4,4403,241397,"Daugherty, Kautzer and Hermann",zakelijk
FR23 6837 6852 79DE QNNV YJBF P48,4443,518047,"Kautzer, Steuber and Carroll",zakelijk
IT69 Q695 2985 0036 XYBZ RG9U QFN,4085,588766,"Turcotte, Boyle and Medhurst",zakelijk
SI42 5720 4720 7537 057,4421,503260,Gislason Group,zakelijk
FR27 1187 4332 90CZ MPJW MJS9 J51,4174,363223,"Brakus, Beer and Mertz",zakelijk
AZ71 IUXJ LYTE TRAL FAGX S5PR K0KP,4363,906062,Beatty and Sons,zakelijk
LV31 KBJG 9HEJ VHXF TKCU C,4373,706816,Corwin and Sons,zakelijk
FR95 7759 5312 56MN A9BU YOFM W39,4086,512775,"Grady, Auer and Reilly",zakelijk
GE32 TM33 8741 3527 5003 97,4404,55994,"Bogisich, Kertzmann and Tillman",zakelijk
MU89 BGKG 5081 3757 3649 9849 540J LU,4370,799198,Toy LLC,zakelijk
SK68 5809 5275 4085 0864 9339,4018,988171,"Monahan, Zulauf and Mitchell",zakelijk
FI47 4522 2270 0369 79,4454,80783,Howell and Sons,zakelijk
BG62 LOAC 5853 38WC ZBMT 0O,4262,681339,Hand and Sons,zakelijk
PK93 AEMZ N4AB FCAS 7M87 EGAX,4322,582675,Tillman Group,zakelijk
ES54 5514 5087 0085 0337 6244,4478,973786,"Jakubowski, Grady and Wyman",zakelijk
BA91 5795 0041 6830 8565,4122,545550,Bogisich-Schmeler,zakelijk
TR62 0903 1ZAO XRHE 4HKH YUYY LJ,4339,218832,Mayer and Sons,zakelijk
TR70 6421 3EUI WXMO DYQK KUPY YT,4039,819542,"Corwin, Mitchell and Price",zakelijk
GE91 AG33 5520 1340 5405 72,4401,698465,Wilkinson LLC,zakelijk
GR34 2686 317K 74GG CNLT YBVA D7M,4150,124970,Kulas-Morissette,zakelijk
BE52 6678 2997 3766,4107,284473,"Gottlieb, Stark and Paucek",zakelijk
KW74 KGGU 8HAF EVVB AOND EHVK VAKZ WO,4321,274153,Runte-Tromp,zakelijk
FR45 9332 8442 63TL O3YJ ACGG 898,4345,903491,"Mayer, Gerlach and Cartwright",zakelijk
ME97 5401 4069 9276 6286 70,4327,388069,Marvin-Bayer,zakelijk
BR17 2318 7234 4937 1033 3566 124A I,4257,566028,King-Dickens,zakelijk
ME35 2832 7971 5081 1151 28,4412,743509,Gorczany and Sons,zakelijk
SM58 Q063 3842 7362 DP8B DCRG F2I,4063,725183,"Schultz, Kris and Lindgren",zakelijk
EE11 6532 4172 6171 8590,4491,847132,Stamm-Nienow,zakelijk
AL86 6747 8376 K5XA TFRI RM22 DWMU,4075,981570,Auer LLC,zakelijk
GE47 IB27 0956 1335 9465 38,4154,963498,Kulas Group,zakelijk
RS90 6577 3857 0043 4594 73,4347,89437,"Flatley, Hackett and Abernathy",zakelijk
SA69 54TF ZAAR 41YX LAXG WUMH,4223,82643,"Sanford, Ziemann and Purdy",zakelijk
KZ52 158L LBQZ DIUD QV0D,4377,932031,"Johnson, Stroman and Olson",zakelijk
AD20 5973 9379 T36U FBBX 6AE4,4469,355870,Ledner-Bernier,zakelijk
AL96 6529 2966 BIW9 POQX L0NM EUX1,4305,471190,Bins and Sons,zakelijk
DE77 2930 9668 2989 5488 88,4365,284457,Dickens-Kuhlman,zakelijk
BA84 0888 1375 8781 4074,4469,983892,Nienow Inc,zakelijk
CR83 3224 2263 1630 5408 4,4346,363132,Heaney-Farrell,zakelijk
CY68 7164 1163 AZPW LBHV LIJ8 HVMG,4014,448657,Tillman-Lowe,zakelijk
DO78 FFDF 6369 4074 4064 3669 3262,4437,460549,Grady-Nader,zakelijk
MK20 143G ABDN 0DID 453,4010,968519,Anderson Group,zakelijk
LI63 8757 2PGR PYIO WMZJ J,4294,921609,Cartwright-Stokes,zakelijk
MK51 788V HF8B XBS8 X56,4091,453994,Cassin-Goyette,zakelijk
MC76 7415 9475 75WK IQQ3 QNSZ C99,4244,466587,Blick-Renner,zakelijk
VG92 CKWA 5410 3257 2760 6696,4009,736816,"Pfeffer, Flatley and Watsica",zakelijk
FR98 5602 5834 03F2 FPDJ AZLH K67,4495,456657,"Kreiger, Jerde and Bogisich",zakelijk
AZ61 QNDJ STUU TXXU KVXL 83FJ D3DU,4377,672727,Pouros Inc,zakelijk
VG08 KGCG 3720 2200 1761 8299,4475,427258,Mohr Group,zakelijk
GR94 1386 285M CCBJ U9FP HKK4 GLE,4355,495959,Kuhn-Heaney,zakelijk
HR70 1475 9278 5773 9411 0,4340,466271,Streich and Sons,zakelijk
BG58 IEWU 0151 63TU FT8N XY,4448,691973,Cruickshank and Sons,zakelijk
FR49 2694 6346 650G MYOR PTOI K58,4165,361521,"Lockman, Nienow and Klocko",zakelijk
HR25 0082 4540 4386 7465 3,4360,556632,Ledner Inc,zakelijk
FR14 7848 4061 11EJ GHZG UZAY L24,4371,358231,Hayes LLC,zakelijk
NO74 9034 4398 901,4029,952806,Doyle Group,zakelijk
FR49 1194 2312 46MQ Z4OP CYOB E54,4433,420584,Mosciski and Sons,zakelijk
CZ55 1184 5709 5690 3719 6827,4101,342508,"Rosenbaum, Schroeder and Mueller",zakelijk
SI79 0277 3932 3499 539,4419,64506,Watsica and Sons,zakelijk
LB40 5127 8WAF NUER VJDD T5MO 0MG1,4024,395052,Schultz-Funk,zakelijk
LI19 3084 8PXG DWJ1 7QNN P,4462,445453,MacGyver Group,zakelijk
IL14 7603 2067 1167 7346 758,4162,694016,Roberts and Sons,zakelijk
FR97 4631 1065 32NG EEUK 7WNP C86,4111,980295,"Towne, Kunde and Schneider",zakelijk
FR65 8559 0489 21K6 QHIO FWPP Q13,4267,678277,"Weimann, Wisozk and Abbott",zakelijk
SK08 2577 8196 3676 9610 5297,4432,188480,"Aufderhar, Feeney and Bogan",zakelijk
IL05 5617 5322 2172 2095 062,4017,762481,"Wehner, Roob and Harvey",zakelijk
PK44 KRBT UMNC NEQ8 YXC2 6P3P,4037,765219,Donnelly Inc,zakelijk
FR32 8125 9761 17TD TUJM LUJT E82,4457,512686,"Schaden, Welch and Kautzer",zakelijk
AL14 7220 3976 3JLT JWJF PISX GNZT,4122,602592,"O'Connell, Weber and Balistreri",zakelijk
CR76 1506 0302 3794 9302 9,4335,707460,Gerhold-Prohaska,zakelijk
FR62 4435 4802 95YU SFAQ 3IKV A49,4054,994328,"Nolan, Green and Armstrong",zakelijk
AE85 9816 3980 2364 5172 403,4451,280840,"Cassin, Mohr and Grant",zakelijk
BA70 7010 1232 4792 4409,4412,675423,Schmidt-Nikolaus,zakelijk
FI68 9914 1775 2946 20,4478,14293,Kris and Sons,zakelijk
FI03 1593 9680 5563 35,4380,47792,"Dach, Stokes and Deckow",zakelijk
IL54 1873 8037 2658 0955 708,4265,589239,"Hirthe, Lynch and Gusikowski",zakelijk
AT97 8210 7650 0947 4886,4024,893481,Hettinger Group,zakelijk
FR33 5607 1180 97YA 5I9G 6YJJ V88,4376,875255,Dicki-Boehm,zakelijk
PT14 2357 0365 3090 2054 0979 9,4106,849752,"Daniel, Bergnaum and Heathcote",zakelijk
BH16 HVVB BSXJ W30B Q70C N9,4478,402849,"Jones, Lowe and Heaney",zakelijk
FR42 0127 3164 60KU NWG0 ERQT U53,4408,154332,O'Reilly-Huels,zakelijk
NO32 8503 8032 214,4366,720219,Ritchie LLC,zakelijk
CY84 4841 5586 PYLO XNJS JEQI PGAS,4492,764710,Wunsch Inc,zakelijk
PK43 VTXT FKR0 LGCO BWJW HSFA,4120,159699,Friesen-Schuster,zakelijk
FO31 9352 7104 3670 88,4010,429974,Herman LLC,zakelijk
DK41 2081 2264 9211 43,4092,627297,Halvorson and Sons,zakelijk
TR34 8312 6SFN CJCS SSS9 NGA3 IW,4191,246624,Padberg-Schaefer,zakelijk
LI80 6188 0JHK X3HL 05PD O,4141,723594,Osinski-Schneider,zakelijk
FR30 1059 5724 1211 MGOA LSBI I10,4216,38106,Smitham Group,zakelijk
LB33 9121 FLNX HBJY JQSY C8Q9 0KIP,4332,132214,Boehm and Sons,zakelijk
CR33 8784 5037 8427 5085 0,4394,833200,Renner and Sons,zakelijk
LT57 6303 9463 1553 0896,4087,797864,Muller Group,zakelijk
FR40 0453 7524 092A NSBG 2LX6 J11,4399,116220,Kerluke-Bednar,zakelijk
SM27 W822 5532 277G O1CO MLAH DSV,4306,711357,Huels-Dicki,zakelijk
RO16 FLCN PVUZ MV6N 7NPB HVWX,4005,617810,Brekke and Sons,zakelijk
TR76 5479 9QF5 VGUS CDIA LGTE E3,4327,337883,Crist-Wilderman,zakelijk
DO54 AZQE 5346 7084 6606 9933 6310,4471,953690,"Rice, McClure and Dickens",zakelijk
RO89 CEHT TIGC FQH9 F36X 1PHT,4108,176132,Botsford Group,zakelijk
GB60 HFPH 4338 1860 0065 27,4065,635372,"Wunsch, Gottlieb and McCullough",zakelijk
BG64 GJYA 0057 79CX FUYF IY,4257,378680,Wolf-Harvey,zakelijk
TN57 9228 0813 5279 1090 2776,4169,968218,"Baumbach, Swift and Rohan",zakelijk
SI51 3083 8887 3676 010,4327,124717,"Runte, Swift and Kerluke",zakelijk
MU03 POKE 7388 8890 6014 8870 067D KK,4468,331230,Abbott-Crooks,zakelijk
SA48 27PK XNL1 UZZU VINN AKSE,4317,219688,Kovacek-Senger,zakelijk
HR45 1805 4983 3619 7729 3,4135,815432,Halvorson and Sons,zakelijk
FR48 8113 4788 83EI QQ62 8LJV X64,4401,417921,"Monahan, Russel and Schiller",zakelijk
KW94 RAWW 8PEB AKLF DSWI GSRD XL5A KV,4134,714936,"Heathcote, Leffler and Wisozk",zakelijk
FR57 6586 4346 36H2 NJC0 CZXG H21,4315,657414,Thiel-Lynch,zakelijk
MR39 2280 1470 9674 9314 4920 364,4337,510844,Mraz Group,zakelijk
FR40 6429 2749 27QZ AJ3Y PXZD V27,4339,106769,Toy LLC,zakelijk
GI51 BHDY 5J0D KDJT 3KZS JSL,4092,595294,Schinner LLC,zakelijk
FR18 3960 3842 26ZS 6TRT RTEJ L33,4361,753960,Marvin-Osinski,zakelijk
PT55 7372 3564 3568 0059 4215 3,4495,993322,"Mraz, Kuphal and Klein",zakelijk
AD93 4200 7211 SQFO 3YDV LRPM,4299,425558,Monahan-Smitham,zakelijk
GI55 AIWR YCHN IOPM N7EC UJ2,4496,187817,Pagac-Stanton,zakelijk
RO69 MMQS FSBA IMOL GYV7 6IPF,4103,671129,Bednar-MacGyver,zakelijk
PK59 QONL RWEX BK9J 8MP6 XINQ,4428,839180,"Schiller, Schultz and Dare",zakelijk
AT69 1816 4545 1370 1943,4481,133450,Dicki-Hettinger,zakelijk
FR94 8763 4748 47W8 FS6O HVMP C47,4217,432586,"Zboncak, Metz and Friesen",zakelijk
SI58 9489 3966 5380 991,4099,247255,Mueller-Hammes,zakelijk
CZ32 6276 0490 2951 5279 1711,4274,311566,Durgan and Sons,zakelijk
IL15 1374 4397 1037 6389 204,4421,869572,Price Inc,zakelijk
IT46 D199 4543 587K 5PUI VA3C ZQW,4163,604017,Borer-Schulist,zakelijk
FI48 9789 9834 8518 49,4207,526710,"Heller, Prohaska and Terry",zakelijk
AL58 2971 5852 N1SG NK60 NMRB 8LBX,4324,401414,"Barton, Strosin and Ferry",zakelijk
EE04 0936 2102 8910 3474,4070,208163,Christiansen LLC,zakelijk
PK23 AISI RHFU WRAN VRYH F8KU,4467,446593,"Beahan, Lakin and Gleichner",zakelijk
PK27 YXAZ WBPV SJGQ KA2J A2C0,4409,193223,Gulgowski-Macejkovic,zakelijk
SK98 6477 9798 7523 1345 3275,4080,816876,"Armstrong, Green and Harvey",zakelijk
ES92 9491 8373 8202 5950 0252,4184,8362,Erdman-Hoeger,zakelijk
FO20 5588 9316 2124 44,4280,671142,Collier-Halvorson,zakelijk
ME27 8719 0483 8152 7834 25,4369,63579,"Moore, Krajcik and Lebsack",zakelijk
CR15 5615 1545 0019 8573 4,4098,51252,"Miller, Spinka and Sporer",zakelijk
MC89 7296 7898 658I 3PS0 6G3N U82,4429,387502,Simonis Group,zakelijk
AT34 6391 1746 2683 8416,4031,12502,"Von, Wilkinson and Bernier",zakelijk
LB08 1356 MGPW PF32 XBEG IJS0 9SGZ,4060,912102,Schuster-Pacocha,zakelijk
FI27 0444 5321 2679 83,4061,13610,"Funk, Schaden and Smitham",zakelijk
AE85 8986 6045 0001 3582 576,4383,604105,Bins-O'Conner,zakelijk
AZ19 GKZM YGWS D3R2 ATK5 X1C8 229I,4429,1276,Cronin-Gibson,zakelijk
CY13 8438 8622 Z1S2 KC7Z SBYI 84UE,4471,466483,Cummerata and Sons,zakelijk
IS27 9177 5298 1166 7762 5413 61,4388,500601,"Connelly, Wintheiser and Homenick",zakelijk
BE07 0601 9340 9046,4400,844033,"O'Keefe, Farrell and Zemlak",zakelijk
BR76 0193 7119 6407 7729 8685 455L Q,4125,494335,Bosco-Jacobson,zakelijk
AZ67 TNBH WLX6 L04W OU5C TXHI 1AKU,4192,492535,Welch Inc,zakelijk
AT77 8394 6483 0787 0542,4118,469477,"Kunze, Keeling and Lind",zakelijk
FO04 4511 2595 3901 30,4359,350546,"Mosciski, Smitham and Dach",zakelijk
NO66 9830 9696 344,4252,619532,Witting-Medhurst,zakelijk
BA78 5281 4917 0741 2610,4470,903570,Heaney-Howe,zakelijk
FR57 9478 2228 33IK 8EOJ KBJV B16,4276,724834,"Harber, Buckridge and Oberbrunner",zakelijk
DK29 7812 8549 7332 30,4483,12755,"Baumbach, Veum and Fisher",zakelijk
PT90 5165 1716 3274 7400 6026 2,4246,675713,Littel LLC,zakelijk
GL94 2059 5145 6702 80,4136,180626,"Ratke, Swaniawski and Harris",zakelijk
FR28 1189 9139 24IR XWHH UVL5 K14,4046,321105,Gutmann-West,zakelijk
SM67 G586 2805 481Q FKMY OXN6 821,4292,31479,Klocko Inc,zakelijk
IS21 8745 6790 8384 0694 4414 94,4103,58508,Hilpert-Parker,zakelijk
FR02 4550 0295 90OR TRG4 ZYKP D97,4126,881771,Welch Group,zakelijk
EE13 1767 4349 1360 8434,4296,871623,"Kuvalis, Reinger and Weber",zakelijk
BG69 JKUT 3392 01AG UPKE WX,4093,173267,Kerluke-O'Connell,zakelijk
ME86 6125 3699 5864 4082 95,4303,87711,Conn LLC,zakelijk
FR75 3982 4188 59CD 2MXO 5M9J P69,4380,284256,Quitzon-O'Reilly,zakelijk
FR68 4308 2510 839C FX8O OD04 L06,4119,604405,Bartell-Paucek,zakelijk
CZ02 8089 2612 7896 3568 2133,4006,956738,Homenick Group,zakelijk
MU64 ABWT 6520 4396 5204 6260 669T XJ,4417,221371,Romaguera-D'Amore,zakelijk
FR42 1106 2530 63TS TMXR LM7Q V03,4267,613447,Emard and Sons,zakelijk
PL36 0308 4216 3448 4983 3936 5522,4037,129934,"Schumm, Kulas and Douglas",zakelijk
MT70 QYDM 6799 3BKH DZ2B WVJG RE3P TLM,4449,927302,Wilderman LLC,zakelijk
BA74 2560 6340 9750 7669,4286,377104,Kerluke-Champlin,zakelijk
PT09 2151 1834 4753 9115 0573 6,4194,283367,Ullrich Group,zakelijk
HR12 2013 6160 2854 1988 8,4346,892041,Wunsch-Schneider,zakelijk
LU49 251L 4VO6 FKBT NUAS,4346,974910,Toy-Senger,zakelijk
FR92 5454 4448 92CE 9WLJ ENUQ H90,4294,550047,Graham-Tremblay,zakelijk
CR86 5987 3057 2954 2754 6,4448,201862,"Cassin, Mann and Kovacek",zakelijk
IT80 I915 1522 114G 94G4 LMVF H4F,4099,210542,Gutmann Group,zakelijk
FO38 8110 5010 2735 77,4331,808219,"Gleason, Boyle and Reinger",zakelijk
CH61 5739 35UY XOG4 JYDE U,4069,37749,Welch-Will,zakelijk
ME88 6996 2135 6098 1769 16,4256,13840,"Muller, Lindgren and Koepp",zakelijk
PT47 1954 9937 4667 6039 1342 3,4163,893010,Kling Inc,zakelijk
PL37 7992 2492 1018 5640 0437 2859,4496,758765,"Schamberger, Mills and Casper",zakelijk
MC27 1767 3854 99IE 6KJU ASNH S93,4147,523323,Fadel-Leannon,zakelijk
IL16 2898 9899 2116 0984 926,4306,728267,Morissette-Langosh,zakelijk
FR65 7446 5516 84PA UBLU H5W3 C86,4260,259726,"Mueller, Borer and Nicolas",zakelijk
GL66 3259 9093 4867 64,4190,11568,Hansen Inc,zakelijk
TN97 5794 0945 5049 8106 4964,4156,941787,"Kessler, Green and Wolff",zakelijk
ME03 5451 2906 7908 1645 64,4349,446563,Denesik-Anderson,zakelijk
IL76 4688 0528 6296 0222 161,4255,984957,"Pfannerstill, Brekke and Predovic",zakelijk
AT13 5888 0660 3178 9785,4034,522971,Barrows-Huel,zakelijk
AL71 4339 4243 PEIH D9CN URLL UPWY,4469,289335,Jakubowski Inc,zakelijk
AZ10 NTEY HNB7 OCBX IYYX 4UIM YHF1,4306,604313,Stamm-Sawayn,zakelijk
HU83 1522 7302 9773 9058 9195 9345,4381,926447,"Littel, Conroy and Hahn",zakelijk
FR24 9061 1128 34KO VRRW JTBI M41,4077,952123,"McClure, Sawayn and Hauck",zakelijk
LB74 7954 FVZY O3HZ O4QH 90VZ GZWZ,4259,596845,"Upton, Runte and Wilkinson",zakelijk
CZ69 4720 6141 1295 1778 6123,4307,747993,"West, Predovic and Lockman",zakelijk
PK21 OQZH FZYW KVQI IYZZ 7RXO,4104,342363,Kassulke LLC,zakelijk
FR66 9135 8831 457H OZFC CWTP P62,4494,439797,Hoppe Group,zakelijk
AL81 4421 9188 DFVE NSFI EUDU W9NR,4350,928085,Klein-Dibbert,zakelijk
SM61 Q922 5086 2996 3FDR IXIH 9NV,4278,149062,Gutkowski-Wiegand,zakelijk
AL10 6508 2904 RXSS HFP7 FHWR P7FP,4130,799003,"Goodwin, Ryan and Bosco",zakelijk
BR79 5212 3279 3696 2499 2316 969A J,4319,631989,"Goodwin, Kautzer and Braun",zakelijk
GL83 5718 8455 8776 02,4188,376998,Sanford-Beer,zakelijk
AD24 5101 8307 ATLW BRPV E6F4,4214,86725,Champlin Inc,zakelijk
PK63 LHTY KQVZ NHJR YR3M FGOT,4123,378679,Senger LLC,zakelijk
FO23 4733 0219 3587 69,4234,672004,"Volkman, McLaughlin and Will",zakelijk
MC36 4147 8589 73KB MI9H YIAS 779,4053,299670,Nicolas-West,zakelijk
CR73 7582 2802 8458 9499 4,4267,522597,Thompson-Schmitt,zakelijk
MK94 020C 5GUX YOAG Y48,4344,715906,Harris-Wilkinson,zakelijk
MK58 180J 2CHG U2SQ 993,4213,880944,Botsford LLC,zakelijk
DO17 XWSQ 1399 2711 5656 1148 6372,4461,823443,Lesch-Braun,zakelijk
FR31 1993 2795 532L COAH SZYQ U69,4170,471144,Blick-Thiel,zakelijk
AZ28 HBNQ 7PVD UGCB Q4WR JHGK ONGD,4351,47278,Upton Group,zakelijk
GB21 ZKRN 7135 6459 2598 42,4459,459786,Brekke-Doyle,zakelijk
FR96 8310 7539 76CR NRJI 3ROY N90,4202,277485,"VonRueden, Bahringer and Rice",zakelijk
FR98 5293 0851 426Q 78P7 OWMU Q92,4163,318536,"Predovic, Brekke and Swaniawski",zakelijk
CH42 3719 5OGZ P5I1 WBRZ J,4187,768433,Koch-Hoeger,zakelijk
BE62 0771 4802 9229,4206,650023,Prohaska-Kihn,zakelijk
ES94 0645 8391 2458 4060 5722,4350,608102,Gislason-Schamberger,zakelijk
AZ14 SEID HRTI N7SO WM7B H35P F3GJ,4214,41360,"Muller, Prohaska and Block",zakelijk
CZ38 8347 8843 2394 5715 4151,4061,370578,Gulgowski-Purdy,zakelijk
MR86 0418 8819 7454 3425 7450 878,4020,38307,Luettgen-Klein,zakelijk
FR79 3018 2684 808Q DFJ7 IFBZ E29,4165,698120,Dooley Group,zakelijk
SM79 C100 0363 5047 GOHG N066 ZKG,4036,697575,"Schoen, Rice and Walsh",zakelijk
BR08 6214 6273 1537 3617 8928 416T W,4399,641534,Lakin Group,zakelijk
RS33 6996 4511 9414 2301 50,4000,337175,Kulas and Sons,zakelijk
MU51 LWUW 0834 8476 8826 2513 744I JC,4324,22429,"Kemmer, Maggio and Reilly",zakelijk
AE40 8268 4615 3781 1572 688,4334,956740,Hyatt and Sons,zakelijk
AL02 6496 2466 IN9I QGRW F7HZ 1ZVS,4111,188880,Koch-Cole,zakelijk
ME67 5746 0159 1427 5967 56,4151,865575,Jones LLC,zakelijk
ES13 2426 3326 6998 7385 4155,4013,36692,"Halvorson, Goyette and Cremin",zakelijk
FO48 8243 6256 3282 98,4208,498305,Schiller Group,zakelijk
FR93 3957 8772 54QC EA3N DPZQ P89,4291,162312,"Bednar, Kunze and Mante",zakelijk
AT31 7599 9434 0852 3555,4198,253163,Koch Group,zakelijk
FR26 8840 1280 505J FCNU NG6T Z67,4241,660938,Macejkovic-Dare,zakelijk
BE95 3571 8618 4444,4441,585857,Nicolas and Sons,zakelijk
LU31 813K FNU1 3KHZ KJ3R,4133,398301,"Gorczany, Bartell and Beer",zakelijk
FI90 3199 1747 8965 85,4238,686105,Bauch LLC,zakelijk
FR84 5428 4826 63RI CXJI KSIM I60,4467,240866,Johnson Inc,zakelijk
IL24 7443 5236 0259 4749 820,4384,371367,"Schroeder, Leannon and Hickle",zakelijk
MR74 2931 1186 2007 7880 2067 780,4427,460261,Terry-Turcotte,zakelijk
GB25 MXGE 0051 5520 0622 48,4294,230547,"Harber, Harber and Mante",zakelijk
KZ27 539B 00E0 IYVK E4GL,4401,84636,"Feeney, Stoltenberg and Stroman",zakelijk
FR23 2721 3906 31DO UWPH BPSO W89,4333,130264,"Lesch, Sawayn and Lind",zakelijk
PT19 2572 3725 5027 9088 2880 3,4273,486149,Kunde-Metz,zakelijk
VG66 PTAN 6286 0735 3923 2634,4306,660968,"Raynor, Trantow and Franecki",zakelijk
FR50 7147 7714 56GX MTWN LMP9 O59,4193,656460,"Smith, Herzog and Robel",zakelijk
FR39 3810 5027 43KV 68B0 GC2W M05,4036,804286,"Wunsch, Quitzon and Mosciski",zakelijk
SA85 35U5 OYBB XQKS 0YV2 MFNK,4327,598661,"Kessler, Wilkinson and Pollich",zakelijk
LB07 5366 RX4M ZPHU QXR7 H1JW OUJG,4185,916168,"Medhurst, Gleason and Gerhold",zakelijk
RS31 9231 5231 2553 7789 02,4256,140098,Bauch and Sons,zakelijk
FR06 6347 3365 33OX K8ED MGUA 928,4000,212716,Hintz-Roob,zakelijk
PL87 4173 0914 5119 2400 6216 1878,4003,484851,"Auer, Kulas and Zieme",zakelijk
NL98 ZEHB 7374 8486 53,4153,944486,McClure and Sons,zakelijk
FR79 3932 7426 99SQ 44YD PT11 R15,4067,984992,Konopelski-Legros,zakelijk
TN07 9145 8111 5058 6494 4776,4379,113499,"Donnelly, Schmitt and Koepp",zakelijk
BH81 JETT 8CR1 BXE8 MG52 DG,4445,421476,"Hahn, Murphy and Donnelly",zakelijk
PT39 1470 3202 0400 0147 6580 7,4272,174457,"King, Stanton and Goodwin",zakelijk
NO84 6817 0482 640,4380,992181,Metz Group,zakelijk
BE79 3650 6725 5282,4261,126338,Crist Inc,zakelijk
IS32 5442 9631 2443 5075 8268 67,4368,894894,O'Keefe LLC,zakelijk
FR21 0487 2269 35UI SR2K S4LX H21,4064,41244,Lehner Group,zakelijk
DE70 3362 9959 9875 6041 33,4471,869637,Labadie Inc,zakelijk
GE63 LY23 2495 6233 9846 56,4334,533289,"Nolan, Keeling and Beer",zakelijk
GE30 ZZ43 2873 4928 4841 37,4346,901405,Schoen LLC,zakelijk
FR36 2787 2524 17SV SQYL QC0J B27,4418,916947,"Reichel, Green and Cummings",zakelijk
ES48 3343 7619 9032 4668 9014,4345,107283,Pagac-Boyle,zakelijk
FR87 6066 2989 92YA LFZX SYYP N68,4279,246846,Nicolas-Lubowitz,zakelijk
CZ77 6047 0594 9522 0232 1087,4491,819349,Schiller-Wyman,zakelijk
MK71 269I EYOG MXFS T95,4492,225735,Haley-Ryan,zakelijk
FR12 3537 1104 15LF 71ID EOUK 401,4278,323358,Jenkins and Sons,zakelijk
PK12 BCZC 5W7O YYRW DAKK JTV7,4326,641181,Bode Group,zakelijk
